,Name,Details,Amount,Installment,EMI,Downpayment,Overview
0,"2018 Maruti Baleno ALPHA PETROL 1.2 MANUAL
20,599 kmPetrol2nd OwnerHR-26","20,599 kmPetrol2nd OwnerHR-26","₹6,93,000
₹6,62,000","₹6,93,000
₹6,62,000","₹12,942/month",Zero downpayment,"History
Non-Accidental
Owner
2nd Owner
Kilometers Driven
20,599 km
Fuel Type
Petrol
Last Service
20,599km (23 Jan 2023)
Transmission
MANUAL
Registration
HR-26-x-xxxx
Insurance
Valid upto Feb 2024
3rd Party
Registered in
Mar 2018"
1,"2020 Hyundai GRAND I10 NIOS SPORTZ PETROL MANUAL
21,612 kmPetrol1st OwnerHR-36","21,612 kmPetrol1st OwnerHR-36","Fixed Price
₹6,57,000","Fixed Price
₹6,57,000","₹12,844/month",Zero downpayment,"History
Non-Accidental
Owner
1st Owner
Kilometers Driven
21,612 km
Fuel Type
Petrol
Last Service
21,612km (25 Nov 2022)
Transmission
MANUAL
Registration
HR-36-x-xxxx
Insurance
Valid upto Aug 2023
Comprehensive
Registered in
Sep 2020"
2,"2020 Maruti New Wagon-R LXI CNG 1.0 L MANUAL
46,588 kmCNG1st OwnerDL-1C","46,588 kmCNG1st OwnerDL-1C","Fixed Price
₹5,67,000","Fixed Price
₹5,67,000","₹11,085/month",Zero downpayment,"History
Non-Accidental
Owner
1st Owner
Kilometers Driven
46,588 km
Fuel Type
Petrol + CNG
Last Service
46,588km (18 Nov 2022)
Transmission
MANUAL
Registration
DL-1C-x-xxxx
Insurance
Valid upto Aug 2023
Zero Depreciation
Registered in
Aug 2020"
3,"2021 Ford FREESTYLE FLAIR EDITION 1.2 TI VCT
12,646 kmPetrol1st OwnerUP-14","12,646 kmPetrol1st OwnerUP-14","Fixed Price
₹7,31,000","Fixed Price
₹7,31,000","₹14,291/month",Zero downpayment,"History
Non-Accidental
Owner
1st Owner
Kilometers Driven
12,646 km
Fuel Type
Petrol
Last Service
12,646km (18 Jan 2023)
Transmission
NA
Registration
UP-14-x-xxxx
Insurance
Valid upto Aug 2024
3rd Party
Registered in
Aug 2021"
4,"2017 Maruti Baleno RS 1.0 PETROL MANUAL
61,176 kmPetrol1st OwnerDL-9C","61,176 kmPetrol1st OwnerDL-9C","₹5,22,000
₹5,12,000","₹5,22,000
₹5,12,000","₹10,010/month",Zero downpayment,"History
Non-Accidental
Owner
1st Owner
Kilometers Driven
61,176 km
Fuel Type
Petrol
Last Service
61,176km (24 Jan 2023)
Transmission
MANUAL
Registration
DL-9C-x-xxxx
Insurance
Valid upto Feb 2024
3rd Party
Registered in
Apr 2017"
5,"2019 Maruti New Wagon-R LXI 1.0 L MANUAL
26,230 kmPetrol2nd OwnerHR-87","26,230 kmPetrol2nd OwnerHR-87","₹4,63,000
₹4,33,000","₹4,63,000
₹4,33,000","₹8,465/month",Zero downpayment,"History
Non-Accidental
Owner
2nd Owner
Kilometers Driven
26,230 km
Fuel Type
Petrol
Last Service
26,230km (17 Jan 2023)
Transmission
MANUAL
Registration
HR-87-x-xxxx
Insurance
Valid upto Feb 2024
3rd Party
Registered in
Feb 2020"
6,"2018 Maruti Alto 800 LXI MANUAL
20,754 kmPetrol1st OwnerDL-1C","20,754 kmPetrol1st OwnerDL-1C","Fixed Price
₹3,17,000","Fixed Price
₹3,17,000","₹6,197/month",Zero downpayment,"History
Non-Accidental
Owner
1st Owner
Kilometers Driven
20,754 km
Fuel Type
Petrol
Last Service
20,754km (17 Nov 2022)
Transmission
MANUAL
Registration
DL-1C-x-xxxx
Insurance
Valid upto Jun 2023
Zero Depreciation
Registered in
Jun 2018"
7,"2017 Maruti Baleno DELTA PETROL 1.2 MANUAL
44,294 kmPetrol1st OwnerDL-12","44,294 kmPetrol1st OwnerDL-12","₹5,38,000
₹5,12,000","₹5,38,000
₹5,12,000","₹10,010/month",Zero downpayment,"History
Non-Accidental
Owner
1st Owner
Kilometers Driven
44,294 km
Fuel Type
Petrol
Last Service
44,294km (03 Dec 2022)
Transmission
MANUAL
Registration
DL-12-x-xxxx
Insurance
Valid upto Feb 2024
3rd Party
Registered in
Apr 2017"
8,"2017 Maruti Alto K10 VXI MANUAL
95,590 kmPetrol1st OwnerUP-16","95,590 kmPetrol1st OwnerUP-16","₹3,31,000
₹3,02,000","₹3,31,000
₹3,02,000","₹5,904/month",Zero downpayment,"History
Non-Accidental
Owner
1st Owner
Kilometers Driven
95,590 km
Fuel Type
Petrol
Last Service
95,590km (07 Oct 2022)
Transmission
MANUAL
Registration
UP-16-x-xxxx
Insurance
Valid upto Feb 2024
3rd Party
Registered in
Jul 2017"
9,"2022 Tata NEXON XZ PLUS (HS) PETROL
16,675 kmPetrol1st OwnerHR-98","16,675 kmPetrol1st OwnerHR-98","Fixed Price
₹11,35,000","Fixed Price
₹11,35,000","₹21,604/month",Zero downpayment,"History
Non-Accidental
Owner
1st Owner
Kilometers Driven
16,675 km
Fuel Type
Petrol
Last Service
16,675km (27 Jan 2023)
Transmission
NA
Registration
HR-98-x-xxxx
Insurance
Valid upto Feb 2024
3rd Party
Registered in
Apr 2022"
10,"2018 Maruti Wagon R 1.0 LXI CNG MANUAL
69,081 kmCNG1st OwnerDL-5C","69,081 kmCNG1st OwnerDL-5C","₹4,79,000
₹4,52,000","₹4,79,000
₹4,52,000","₹8,837/month",Zero downpayment,"History
Non-Accidental
Owner
1st Owner
Kilometers Driven
69,081 km
Fuel Type
CNG
Last Service
69,081km (10 Dec 2022)
Transmission
MANUAL
Registration
DL-5C-x-xxxx
Insurance
Valid upto Jun 2023
Zero Depreciation
Registered in
Jun 2018"
11,"2019 Renault Kwid 1.0 RXT Opt MANUAL
49,798 kmPetrol1st OwnerHR-26","49,798 kmPetrol1st OwnerHR-26","Fixed Price
₹4,33,000","Fixed Price
₹4,33,000","₹8,465/month",Zero downpayment,"History
Non-Accidental
Owner
1st Owner
Kilometers Driven
49,798 km
Fuel Type
Petrol
Last Service
49,798km (28 Jan 2023)
Transmission
MANUAL
Registration
HR-26-x-xxxx
Insurance
Valid upto Jul 2023
Comprehensive
Registered in
Jun 2019"
12,"2015 Hyundai Grand i10 MAGNA 1.2 KAPPA VTVT MANUAL
57,511 kmPetrol1st OwnerDL-8C","57,511 kmPetrol1st OwnerDL-8C","Fixed Price
₹3,99,000","Fixed Price
₹3,99,000","₹7,801/month",Zero downpayment,"History
Non-Accidental
Owner
1st Owner
Kilometers Driven
57,511 km
Fuel Type
Petrol
Last Service
57,511km (19 Jan 2023)
Transmission
MANUAL
Registration
DL-8C-x-xxxx
Insurance
Valid upto Feb 2024
3rd Party
Registered in
Mar 2015"
13,"2018 Mahindra XUV500 W11 (O) AT AUTOMATIC
55,343 kmDiesel2nd OwnerHR-26","55,343 kmDiesel2nd OwnerHR-26","₹13,82,000
₹12,87,000","₹13,82,000
₹12,87,000","₹24,497/month",Zero downpayment,"History
Non-Accidental
Owner
2nd Owner
Kilometers Driven
55,343 km
Fuel Type
Diesel
Last Service
55,343km (18 Nov 2022)
Transmission
AUTOMATIC
Registration
HR-26-x-xxxx
Insurance
Valid upto Feb 2024
3rd Party
Registered in
Jul 2018"
14,"2016 Hyundai Grand i10 MAGNA 1.2 KAPPA VTVT MANUAL
56,718 kmPetrol1st OwnerDL-4C","56,718 kmPetrol1st OwnerDL-4C","Fixed Price
₹4,62,000","Fixed Price
₹4,62,000","₹9,032/month",Zero downpayment,"History
Non-Accidental
Owner
1st Owner
Kilometers Driven
56,718 km
Fuel Type
Petrol
Last Service
56,718km (12 Jan 2023)
Transmission
MANUAL
Registration
DL-4C-x-xxxx
Insurance
Valid upto Feb 2024
3rd Party
Registered in
Dec 2016"
15,"2018 Maruti Alto K10 VXI MANUAL
40,531 kmPetrol1st OwnerDL-5C","40,531 kmPetrol1st OwnerDL-5C","₹3,66,000
₹3,41,000","₹3,66,000
₹3,41,000","₹6,667/month",Zero downpayment,"History
Non-Accidental
Owner
1st Owner
Kilometers Driven
40,531 km
Fuel Type
Petrol
Last Service
40,531km (26 Jan 2023)
Transmission
MANUAL
Registration
DL-5C-x-xxxx
Insurance
Valid upto Feb 2024
3rd Party
Registered in
Nov 2018"
16,"2015 Hyundai Grand i10 SPORTZ 1.2 KAPPA VTVT MANUAL
46,658 kmPetrol1st OwnerDL-2C","46,658 kmPetrol1st OwnerDL-2C","₹4,32,000
₹4,25,000","₹4,32,000
₹4,25,000","₹8,309/month",Zero downpayment,"History
Non-Accidental
Owner
1st Owner
Kilometers Driven
46,658 km
Fuel Type
Petrol
Last Service
46,658km (27 Jan 2023)
Transmission
MANUAL
Registration
DL-2C-x-xxxx
Insurance
Valid upto Feb 2024
3rd Party
Registered in
Dec 2015"
17,"2018 Hyundai Elite i20 Magna Executive 1.2 MANUAL
35,055 kmPetrol2nd OwnerDL-2C","35,055 kmPetrol2nd OwnerDL-2C","Fixed Price
₹5,52,000","Fixed Price
₹5,52,000","₹10,792/month",Zero downpayment,"History
Non-Accidental
Owner
2nd Owner
Kilometers Driven
35,055 km
Fuel Type
Petrol
Last Service
35,055km (19 Nov 2022)
Transmission
MANUAL
Registration
DL-2C-x-xxxx
Insurance
Valid upto Feb 2024
3rd Party
Registered in
Jul 2018"
18,"2016 Maruti Baleno DELTA PETROL 1.2 MANUAL
41,255 kmPetrol1st OwnerDL-2C","41,255 kmPetrol1st OwnerDL-2C","₹5,69,000
₹5,64,000","₹5,69,000
₹5,64,000","₹11,026/month",Zero downpayment,"History
Non-Accidental
Owner
1st Owner
Kilometers Driven
41,255 km
Fuel Type
Petrol
Last Service
41,255km (21 Jan 2023)
Transmission
MANUAL
Registration
DL-2C-x-xxxx
Insurance
Valid upto Feb 2024
3rd Party
Registered in
Mar 2016"
19,"2021 Maruti New Wagon-R LXI CNG 1.0 L MANUAL
44,293 kmCNG1st OwnerHR-26","44,293 kmCNG1st OwnerHR-26","Fixed Price
₹6,30,000","Fixed Price
₹6,30,000","₹12,317/month",Zero downpayment,"History
Non-Accidental
Owner
1st Owner
Kilometers Driven
44,293 km
Fuel Type
CNG
Last Service
44,293km (30 Jan 2023)
Transmission
MANUAL
Registration
HR-26-x-xxxx
Insurance
Valid upto Nov 2024
3rd Party
Registered in
Dec 2021"
20,"2015 Hyundai Elite i20 ASTA 1.2 (O) MANUAL
44,436 kmPetrol1st OwnerDL-12","44,436 kmPetrol1st OwnerDL-12","Fixed Price
₹5,66,000","Fixed Price
₹5,66,000","₹11,065/month",Zero downpayment,"History
Non-Accidental
Owner
1st Owner
Kilometers Driven
44,436 km
Fuel Type
Petrol
Last Service
44,436km (21 Jan 2023)
Transmission
MANUAL
Registration
DL-12-x-xxxx
Insurance
Valid upto Oct 2023
Comprehensive
Registered in
Mar 2016"
21,"2019 Mahindra MARAZZO M6 8 STR MANUAL
35,590 kmDiesel1st OwnerHR-26","35,590 kmDiesel1st OwnerHR-26","₹11,38,000
₹10,97,000","₹11,38,000
₹10,97,000","₹20,880/month",Zero downpayment,"History
Non-Accidental
Owner
1st Owner
Kilometers Driven
35,590 km
Fuel Type
Diesel
Last Service
35,590km (27 Dec 2022)
Transmission
MANUAL
Registration
HR-26-x-xxxx
Insurance
Valid upto Feb 2024
3rd Party
Registered in
Nov 2019"
22,"2017 Hyundai Verna 1.6 SX VTVT MANUAL
13,258 kmPetrol1st OwnerDL-5C","13,258 kmPetrol1st OwnerDL-5C","₹9,03,000
₹8,77,000","₹9,03,000
₹8,77,000","₹16,693/month",Zero downpayment,"History
Non-Accidental
Owner
1st Owner
Kilometers Driven
13,258 km
Fuel Type
Petrol
Last Service
13,258km (10 Dec 2022)
Transmission
MANUAL
Registration
DL-5C-x-xxxx
Insurance
Valid upto Feb 2024
3rd Party
Registered in
Dec 2017"
23,"2016 Maruti Baleno DELTA 1.2 K12 MANUAL
45,747 kmPetrol1st OwnerDL-14","45,747 kmPetrol1st OwnerDL-14","Fixed Price
₹4,97,000","Fixed Price
₹4,97,000","₹9,716/month",Zero downpayment,"History
Non-Accidental
Owner
1st Owner
Kilometers Driven
45,747 km
Fuel Type
Petrol
Last Service
45,747km (17 Jan 2023)
Transmission
MANUAL
Registration
DL-14-x-xxxx
Insurance
Valid upto Feb 2024
3rd Party
Registered in
Nov 2016"
24,"2017 Maruti Swift VXI MANUAL
44,710 kmPetrol1st OwnerDL-8C","44,710 kmPetrol1st OwnerDL-8C","₹4,70,000
₹4,56,000","₹4,70,000
₹4,56,000","₹8,915/month",Zero downpayment,"History
Non-Accidental
Owner
1st Owner
Kilometers Driven
44,710 km
Fuel Type
Petrol
Last Service
44,710km (02 Feb 2023)
Transmission
MANUAL
Registration
DL-8C-x-xxxx
Insurance
Valid upto Aug 2023
Comprehensive
Registered in
Aug 2017"
25,"2015 Hyundai Grand i10 MAGNA 1.2 KAPPA VTVT MANUAL
38,995 kmPetrol1st OwnerDL-12","38,995 kmPetrol1st OwnerDL-12","Fixed Price
₹4,43,000","Fixed Price
₹4,43,000","₹8,661/month",Zero downpayment,"History
Non-Accidental
Owner
1st Owner
Kilometers Driven
38,995 km
Fuel Type
Petrol
Last Service
38,995km (04 Jan 2023)
Transmission
MANUAL
Registration
DL-12-x-xxxx
Insurance
Valid upto Feb 2024
3rd Party
Registered in
Jan 2016"
26,"2017 Honda Jazz 1.2 V AT AUTOMATIC
11,303 kmPetrol1st OwnerHR-26","11,303 kmPetrol1st OwnerHR-26","₹7,50,000
₹7,18,800","₹7,50,000
₹7,18,800","₹14,053/month",Zero downpayment,"History
Non-Accidental
Owner
1st Owner
Kilometers Driven
11,303 km
Fuel Type
Petrol
Last Service
11,303km (18 Dec 2022)
Transmission
AUTOMATIC
Registration
HR-26-x-xxxx
Insurance
Valid upto Feb 2024
3rd Party
Registered in
Oct 2017"
27,"2021 Tata NEXON XE REVOTORQ MANUAL
29,918 kmDiesel1st OwnerDL-12","29,918 kmDiesel1st OwnerDL-12","Fixed Price
₹8,21,000","Fixed Price
₹8,21,000","₹15,627/month",Zero downpayment,"History
Non-Accidental
Owner
1st Owner
Kilometers Driven
29,918 km
Fuel Type
Diesel
Last Service
29,918km (06 Jan 2023)
Transmission
MANUAL
Registration
DL-12-x-xxxx
Insurance
Valid upto Feb 2024
3rd Party
Registered in
Jun 2021"
28,"2015 Toyota Corolla Altis G MANUAL
31,106 kmPetrol1st OwnerDL-14","31,106 kmPetrol1st OwnerDL-14","Fixed Price
₹7,59,000","Fixed Price
₹7,59,000","₹14,839/month",Zero downpayment,"History
Non-Accidental
Owner
1st Owner
Kilometers Driven
31,106 km
Fuel Type
Petrol
Last Service
31,106km (19 Jan 2023)
Transmission
MANUAL
Registration
DL-14-x-xxxx
Insurance
Valid upto Feb 2024
3rd Party
Registered in
Oct 2015"
29,"2018 Maruti Wagon R 1.0 VXI AMT AUTOMATIC
76,461 kmPetrol1st OwnerDL-5C","76,461 kmPetrol1st OwnerDL-5C","Fixed Price
₹4,75,000","Fixed Price
₹4,75,000","₹9,286/month",Zero downpayment,"History
Non-Accidental
Owner
1st Owner
Kilometers Driven
76,461 km
Fuel Type
Petrol
Last Service
76,461km (12 Jan 2023)
Transmission
AUTOMATIC
Registration
DL-5C-x-xxxx
Insurance
Valid upto Feb 2024
3rd Party
Registered in
Aug 2018"
30,"2020 Maruti New Wagon-R LXI CNG 1.0 L MANUAL
39,860 kmCNG1st OwnerDL-12","39,860 kmCNG1st OwnerDL-12","Fixed Price
₹5,67,000","Fixed Price
₹5,67,000","₹11,085/month",Zero downpayment,"History
Non-Accidental
Owner
1st Owner
Kilometers Driven
39,860 km
Fuel Type
Petrol + CNG
Last Service
39,860km (20 Jan 2023)
Transmission
MANUAL
Registration
DL-12-x-xxxx
Insurance
Valid upto Feb 2024
3rd Party
Registered in
Aug 2020"
31,"2021 Maruti New Wagon-R LXI CNG 1.0 L MANUAL
95,865 kmCNG1st OwnerHR-12","95,865 kmCNG1st OwnerHR-12","Fixed Price
₹6,19,000","Fixed Price
₹6,19,000","₹12,102/month",Zero downpayment,"History
Non-Accidental
Owner
1st Owner
Kilometers Driven
95,865 km
Fuel Type
CNG
Last Service
95,865km (04 Jan 2023)
Transmission
MANUAL
Registration
HR-12-x-xxxx
Insurance
Valid upto Feb 2024
3rd Party
Registered in
Mar 2021"
32,"2015 Honda Jazz 1.2 SV MT MANUAL
54,327 kmPetrol1st OwnerDL-10","54,327 kmPetrol1st OwnerDL-10","Fixed Price
₹4,64,000","Fixed Price
₹4,64,000","₹9,071/month",Zero downpayment,"History
Non-Accidental
Owner
1st Owner
Kilometers Driven
54,327 km
Fuel Type
Petrol
Last Service
54,327km (01 Jan 2023)
Transmission
MANUAL
Registration
DL-10-x-xxxx
Insurance
Valid upto Nov 2023
Comprehensive
Registered in
Nov 2015"
33,"2019 Maruti Baleno DELTA PETROL 1.2 MANUAL
20,717 kmPetrol1st OwnerHR-16","20,717 kmPetrol1st OwnerHR-16","Fixed Price
₹6,84,000","Fixed Price
₹6,84,000","₹13,372/month",Zero downpayment,"History
Non-Accidental
Owner
1st Owner
Kilometers Driven
20,717 km
Fuel Type
Petrol
Last Service
20,717km (18 Jan 2023)
Transmission
MANUAL
Registration
HR-16-x-xxxx
Insurance
Valid upto Oct 2023
3rd Party
Registered in
Jul 2019"
34,"2019 Mahindra Scorpio S9
13,629 kmDiesel1st OwnerDL-7C","13,629 kmDiesel1st OwnerDL-7C","₹13,72,000
₹13,20,000","₹13,72,000
₹13,20,000","₹25,125/month",Zero downpayment,"History
Non-Accidental
Owner
1st Owner
Kilometers Driven
13,629 km
Fuel Type
Diesel
Last Service
13,629km (25 Jan 2023)
Transmission
NA
Registration
DL-7C-x-xxxx
Insurance
Valid upto Feb 2024
3rd Party
Registered in
Aug 2019"
35,"2014 Maruti Wagon R 1.0 LXI MANUAL
59,579 kmPetrol1st OwnerDL-9C","59,579 kmPetrol1st OwnerDL-9C","Fixed Price
₹3,35,000","Fixed Price
₹3,35,000","₹6,549/month",Zero downpayment,"History
Non-Accidental
Owner
1st Owner
Kilometers Driven
59,579 km
Fuel Type
Petrol
Last Service
59,579km (16 Dec 2022)
Transmission
MANUAL
Registration
DL-9C-x-xxxx
Insurance
Valid upto Jun 2023
Comprehensive
Registered in
Jun 2014"
36,"2019 Hyundai Elite i20 1.2 MAGNA PLUS VTVT MANUAL
33,320 kmPetrol1st OwnerDL-12","33,320 kmPetrol1st OwnerDL-12","₹6,63,000
₹6,15,000","₹6,63,000
₹6,15,000","₹12,023/month",Zero downpayment,"History
Non-Accidental
Owner
1st Owner
Kilometers Driven
33,320 km
Fuel Type
Petrol
Last Service
33,320km (17 Oct 2022)
Transmission
MANUAL
Registration
DL-12-x-xxxx
Insurance
Valid upto Feb 2024
3rd Party
Registered in
Apr 2019"
37,"2021 Tata NEXON XZA + 1.2 PETROL A/T AUTOMATIC
12,055 kmPetrol1st OwnerHR-98","12,055 kmPetrol1st OwnerHR-98","₹11,16,000
₹10,31,000","₹11,16,000
₹10,31,000","₹19,624/month",Zero downpayment,"History
Non-Accidental
Owner
1st Owner
Kilometers Driven
12,055 km
Fuel Type
Petrol
Last Service
12,055km (03 Jan 2023)
Transmission
AUTOMATIC
Registration
HR-98-x-xxxx
Insurance
Valid upto Feb 2024
3rd Party
Registered in
Mar 2021"
38,"2018 Maruti Wagon R 1.0 VXI AMT AUTOMATIC
38,754 kmPetrol2nd OwnerDL-1C","38,754 kmPetrol2nd OwnerDL-1C","₹4,79,000
₹4,50,000","₹4,79,000
₹4,50,000","₹8,798/month",Zero downpayment,"History
Non-Accidental
Owner
2nd Owner
Kilometers Driven
38,754 km
Fuel Type
Petrol
Last Service
38,754km (16 Oct 2022)
Transmission
AUTOMATIC
Registration
DL-1C-x-xxxx
Insurance
Valid upto Feb 2024
3rd Party
Registered in
Apr 2018"
39,"2018 Maruti Ciaz ALPHA 1.5 SHVS PETROL
42,017 kmPetrol2nd OwnerHR-26","42,017 kmPetrol2nd OwnerHR-26","₹8,65,000
₹8,57,000","₹8,65,000
₹8,57,000","₹16,312/month",Zero downpayment,"History
Non-Accidental
Owner
2nd Owner
Kilometers Driven
42,017 km
Fuel Type
Petrol
Last Service
42,017km (16 Jan 2023)
Transmission
NA
Registration
HR-26-x-xxxx
Insurance
Valid upto Feb 2024
3rd Party
Registered in
Feb 2019"
40,"2020 Maruti S Cross ALPHA AT SMART HYBRID AUTOMATIC
22,816 kmPetrol1st OwnerHR-51","22,816 kmPetrol1st OwnerHR-51","₹12,45,000
₹11,60,000","₹12,45,000
₹11,60,000","₹22,080/month",Zero downpayment,"History
Non-Accidental
Owner
1st Owner
Kilometers Driven
22,816 km
Fuel Type
Petrol
Last Service
22,816km (16 Nov 2022)
Transmission
AUTOMATIC
Registration
HR-51-x-xxxx
Insurance
Valid upto Feb 2024
3rd Party
Registered in
Aug 2020"
41,"2016 Maruti Baleno DELTA PETROL 1.2 MANUAL
53,081 kmPetrol2nd OwnerUP-16","53,081 kmPetrol2nd OwnerUP-16","₹5,31,000
₹5,22,000","₹5,31,000
₹5,22,000","₹10,205/month",Zero downpayment,"History
Non-Accidental
Owner
2nd Owner
Kilometers Driven
53,081 km
Fuel Type
Petrol
Last Service
53,081km (23 Dec 2022)
Transmission
MANUAL
Registration
UP-16-x-xxxx
Insurance
Valid upto Jul 2023
Comprehensive
Registered in
Jul 2016"
42,"2019 Honda WR-V 1.2 i-VTEC VX MT MANUAL
38,273 kmPetrol2nd OwnerUP-85","38,273 kmPetrol2nd OwnerUP-85","₹8,50,000
₹7,54,000","₹8,50,000
₹7,54,000","₹14,741/month",Zero downpayment,"History
Non-Accidental
Owner
2nd Owner
Kilometers Driven
38,273 km
Fuel Type
Petrol
Last Service
38,273km (18 Jan 2023)
Transmission
MANUAL
Registration
UP-85-x-xxxx
Insurance
Valid upto Jun 2023
Zero Depreciation
Registered in
May 2019"
43,"2015 Honda Jazz 1.2 V MT MANUAL
81,198 kmPetrol1st OwnerDL-9C","81,198 kmPetrol1st OwnerDL-9C","₹4,79,000
₹4,67,000","₹4,79,000
₹4,67,000","₹9,130/month",Zero downpayment,"History
Non-Accidental
Owner
1st Owner
Kilometers Driven
81,198 km
Fuel Type
Petrol
Last Service
81,198km (27 Nov 2022)
Transmission
MANUAL
Registration
DL-9C-x-xxxx
Insurance
Valid upto Aug 2023
Zero Depreciation
Registered in
Aug 2015"
44,"2015 Ford Ecosport 1.5 TITANIUM TI VCT AT AUTOMATIC
74,611 kmPetrol2nd OwnerHR-26","74,611 kmPetrol2nd OwnerHR-26","₹5,98,000
₹5,93,000","₹5,98,000
₹5,93,000","₹11,593/month",Zero downpayment,"History
Non-Accidental
Owner
2nd Owner
Kilometers Driven
74,611 km
Fuel Type
Petrol
Last Service
74,611km (04 Jan 2023)
Transmission
AUTOMATIC
Registration
HR-26-x-xxxx
Insurance
Valid upto May 2023
Comprehensive
Registered in
Jul 2015"
45,"2015 Hyundai Grand i10 MAGNA 1.2 KAPPA VTVT MANUAL
63,594 kmPetrol1st OwnerDL-8C","63,594 kmPetrol1st OwnerDL-8C","Fixed Price
₹4,02,000","Fixed Price
₹4,02,000","₹7,859/month",Zero downpayment,"History
Non-Accidental
Owner
1st Owner
Kilometers Driven
63,594 km
Fuel Type
Petrol
Last Service
63,594km (28 Jan 2023)
Transmission
MANUAL
Registration
DL-8C-x-xxxx
Insurance
Valid upto Aug 2023
Zero Depreciation
Registered in
Sep 2015"
46,"2017 Hyundai Grand i10 1.2 KAPPA SPORTZ (O) MANUAL
93,879 kmPetrol2nd OwnerDL-8C","93,879 kmPetrol2nd OwnerDL-8C","₹4,42,000
₹4,02,000","₹4,42,000
₹4,02,000","₹7,859/month",Zero downpayment,"History
Non-Accidental
Owner
2nd Owner
Kilometers Driven
93,879 km
Fuel Type
Petrol
Last Service
93,879km (17 Jan 2023)
Transmission
MANUAL
Registration
DL-8C-x-xxxx
Insurance
Valid upto Feb 2024
3rd Party
Registered in
Apr 2017"
47,"2017 Hyundai Elite i20 ASTA 1.2 MANUAL
58,443 kmPetrol1st OwnerUP-14","58,443 kmPetrol1st OwnerUP-14","₹6,51,000
₹6,41,000","₹6,51,000
₹6,41,000","₹12,532/month",Zero downpayment,"History
Non-Accidental
Owner
1st Owner
Kilometers Driven
58,443 km
Fuel Type
Petrol
Last Service
58,443km (19 Jan 2023)
Transmission
MANUAL
Registration
UP-14-x-xxxx
Insurance
Valid upto Jul 2023
3rd Party
Registered in
Jul 2017"
48,"2019 Volkswagen Vento COMFORTLINE MT PETROL MANUAL
17,403 kmPetrol1st OwnerDL-8C","17,403 kmPetrol1st OwnerDL-8C","₹8,65,000
₹8,10,000","₹8,65,000
₹8,10,000","₹15,418/month",Zero downpayment,"History
Non-Accidental
Owner
1st Owner
Kilometers Driven
17,403 km
Fuel Type
Petrol
Last Service
17,403km (11 Jan 2023)
Transmission
MANUAL
Registration
DL-8C-x-xxxx
Insurance
Valid upto Feb 2024
3rd Party
Registered in
Jan 2020"
49,"2021 Maruti New Wagon-R LXI CNG 1.0 L MANUAL
56,049 kmCNG1st OwnerHR-30","56,049 kmCNG1st OwnerHR-30","Fixed Price
₹6,08,000","Fixed Price
₹6,08,000","₹11,887/month",Zero downpayment,"History
Non-Accidental
Owner
1st Owner
Kilometers Driven
56,049 km
Fuel Type
CNG
Last Service
56,049km (23 Oct 2022)
Transmission
MANUAL
Registration
HR-30-x-xxxx
Insurance
Valid upto Feb 2024
3rd Party
Registered in
Mar 2021"
50,"2014 Hyundai i10 MAGNA 1.1 IRDE2 MANUAL
72,393 kmPetrol1st OwnerUP-16","72,393 kmPetrol1st OwnerUP-16","Fixed Price
₹3,01,000","Fixed Price
₹3,01,000","₹5,885/month",Zero downpayment,"History
Non-Accidental
Owner
1st Owner
Kilometers Driven
72,393 km
Fuel Type
Petrol
Last Service
72,393km (18 Jan 2023)
Transmission
MANUAL
Registration
UP-16-x-xxxx
Insurance
Valid upto Feb 2024
3rd Party
Registered in
Apr 2014"
51,"2020 Maruti New Wagon-R LXI CNG 1.0 L MANUAL
36,141 kmCNG1st OwnerDL-2C","36,141 kmCNG1st OwnerDL-2C","Fixed Price
₹6,11,000","Fixed Price
₹6,11,000","₹11,945/month",Zero downpayment,"History
Non-Accidental
Owner
1st Owner
Kilometers Driven
36,141 km
Fuel Type
Petrol + CNG
Last Service
36,141km (20 Jan 2023)
Transmission
MANUAL
Registration
DL-2C-x-xxxx
Insurance
Valid upto Feb 2024
3rd Party
Registered in
Dec 2020"
52,"2019 Hyundai NEW SANTRO ERA 1.1 MANUAL
15,177 kmPetrol1st OwnerHR-87","15,177 kmPetrol1st OwnerHR-87","Fixed Price
₹4,25,000","Fixed Price
₹4,25,000","₹8,309/month",Zero downpayment,"History
Non-Accidental
Owner
1st Owner
Kilometers Driven
15,177 km
Fuel Type
Petrol
Last Service
15,177km (11 Jan 2023)
Transmission
MANUAL
Registration
HR-87-x-xxxx
Insurance
Valid upto Feb 2024
3rd Party
Registered in
Aug 2019"
53,"2019 Maruti Baleno SIGMA PETROL 1.2 MANUAL
38,151 kmPetrol1st OwnerUP-21","38,151 kmPetrol1st OwnerUP-21","Fixed Price
₹5,42,000","Fixed Price
₹5,42,000","₹10,596/month",Zero downpayment,"History
Non-Accidental
Owner
1st Owner
Kilometers Driven
38,151 km
Fuel Type
Petrol
Last Service
38,151km (30 Oct 2022)
Transmission
MANUAL
Registration
UP-21-x-xxxx
Insurance
Valid upto Jun 2023
3rd Party
Registered in
Jul 2019"
54,"2018 Ford Ecosport 1.5 TITANIUM TI VCT MANUAL
26,036 kmPetrol1st OwnerDL-12","26,036 kmPetrol1st OwnerDL-12","₹8,09,000
₹8,02,000","₹8,09,000
₹8,02,000","₹15,265/month",Zero downpayment,"History
Non-Accidental
Owner
1st Owner
Kilometers Driven
26,036 km
Fuel Type
Petrol
Last Service
26,036km (09 Jan 2023)
Transmission
MANUAL
Registration
DL-12-x-xxxx
Insurance
Valid upto May 2023
Comprehensive
Registered in
May 2018"
55,"2021 Mahindra Scorpio S11 MANUAL
14,796 kmDiesel2nd OwnerUP-44","14,796 kmDiesel2nd OwnerUP-44","₹19,28,000
₹17,87,000","₹19,28,000
₹17,87,000","₹34,014/month",Zero downpayment,"History
Non-Accidental
Owner
2nd Owner
Kilometers Driven
14,796 km
Fuel Type
Diesel
Last Service
14,796km (11 Dec 2022)
Transmission
MANUAL
Registration
UP-44-x-xxxx
Insurance
Valid upto Feb 2024
3rd Party
Registered in
Mar 2021"
56,"2019 Hyundai Elite i20 ASTA 1.2 (O) MANUAL
24,737 kmPetrol1st OwnerDL-12","24,737 kmPetrol1st OwnerDL-12","Fixed Price
₹8,01,000","Fixed Price
₹8,01,000","₹15,246/month",Zero downpayment,"History
Non-Accidental
Owner
1st Owner
Kilometers Driven
24,737 km
Fuel Type
Petrol
Last Service
24,737km (17 Jan 2023)
Transmission
MANUAL
Registration
DL-12-x-xxxx
Insurance
Valid upto Feb 2024
3rd Party
Registered in
Jan 2019"
57,"2018 Honda WR-V 1.2 i-VTEC S MT MANUAL
26,533 kmPetrol1st OwnerDL-2C","26,533 kmPetrol1st OwnerDL-2C","₹6,67,000
₹6,30,000","₹6,67,000
₹6,30,000","₹12,317/month",Zero downpayment,"History
Non-Accidental
Owner
1st Owner
Kilometers Driven
26,533 km
Fuel Type
Petrol
Last Service
26,533km (05 Jan 2023)
Transmission
MANUAL
Registration
DL-2C-x-xxxx
Insurance
Valid upto Feb 2024
3rd Party
Registered in
Feb 2018"
58,"2014 Maruti Ertiga VXI MANUAL
93,596 kmPetrol2nd OwnerDL-2C","93,596 kmPetrol2nd OwnerDL-2C","₹6,00,000
₹5,93,000","₹6,00,000
₹5,93,000","₹11,593/month",Zero downpayment,"History
Non-Accidental
Owner
2nd Owner
Kilometers Driven
93,596 km
Fuel Type
Petrol
Last Service
93,596km (24 Jan 2023)
Transmission
MANUAL
Registration
DL-2C-x-xxxx
Insurance
Valid upto Sept 2023
Comprehensive
Registered in
Sep 2014"
59,"2021 Maruti Ciaz ALPHA 1.5 AT SHVS AUTOMATIC
21,832 kmPetrol1st OwnerHR-14","21,832 kmPetrol1st OwnerHR-14","₹11,03,000
₹9,87,000","₹11,03,000
₹9,87,000","₹18,787/month",Zero downpayment,"History
Non-Accidental
Owner
1st Owner
Kilometers Driven
21,832 km
Fuel Type
Petrol
Last Service
21,832km (02 Dec 2022)
Transmission
AUTOMATIC
Registration
HR-14-x-xxxx
Insurance
Valid upto Feb 2024
3rd Party
Registered in
Jan 2021"
60,"2016 Hyundai Grand i10 SPORTZ 1.2 KAPPA VTVT MANUAL
40,910 kmPetrol1st OwnerDL-2C","40,910 kmPetrol1st OwnerDL-2C","₹4,67,000
₹4,38,000","₹4,67,000
₹4,38,000","₹8,563/month",Zero downpayment,"History
Non-Accidental
Owner
1st Owner
Kilometers Driven
40,910 km
Fuel Type
Petrol
Last Service
40,910km (17 Jan 2023)
Transmission
MANUAL
Registration
DL-2C-x-xxxx
Insurance
Valid upto Feb 2024
3rd Party
Registered in
Oct 2016"
61,"2018 Honda WR-V 1.2 i-VTEC VX MT MANUAL
27,484 kmPetrol1st OwnerDL-3C","27,484 kmPetrol1st OwnerDL-3C","Fixed Price
₹8,03,000","Fixed Price
₹8,03,000","₹15,284/month",Zero downpayment,"History
Non-Accidental
Owner
1st Owner
Kilometers Driven
27,484 km
Fuel Type
Petrol
Last Service
27,484km (29 Jan 2023)
Transmission
MANUAL
Registration
DL-3C-x-xxxx
Insurance
Valid upto Feb 2024
3rd Party
Registered in
Dec 2018"
62,"2015 Maruti Wagon R 1.0 VXI MANUAL
91,556 kmPetrol1st OwnerHR-72","91,556 kmPetrol1st OwnerHR-72","Fixed Price
₹3,17,000","Fixed Price
₹3,17,000","₹6,197/month",Zero downpayment,"History
Non-Accidental
Owner
1st Owner
Kilometers Driven
91,556 km
Fuel Type
Petrol
Last Service
91,556km (18 Jan 2023)
Transmission
MANUAL
Registration
HR-72-x-xxxx
Insurance
Valid upto Feb 2024
3rd Party
Registered in
Mar 2015"
63,"2020 Maruti New Wagon-R LXI CNG 1.0 L MANUAL
45,080 kmCNG1st OwnerUP-14","45,080 kmCNG1st OwnerUP-14","Fixed Price
₹5,77,000","Fixed Price
₹5,77,000","₹11,280/month",Zero downpayment,"History
Non-Accidental
Owner
1st Owner
Kilometers Driven
45,080 km
Fuel Type
Petrol + CNG
Last Service
45,080km (22 Nov 2022)
Transmission
MANUAL
Registration
UP-14-x-xxxx
Insurance
Valid upto Jun 2023
3rd Party
Registered in
Jul 2020"
64,"2011 Maruti Wagon R 1.0 VXI MANUAL
47,816 kmPetrol2nd OwnerHR-26","47,816 kmPetrol2nd OwnerHR-26","₹2,70,000
₹2,56,000","₹2,70,000
₹2,56,000","₹5,005/month",Zero downpayment,"History
Non-Accidental
Owner
2nd Owner
Kilometers Driven
47,816 km
Fuel Type
Petrol
Last Service
47,816km (22 Dec 2022)
Transmission
MANUAL
Registration
HR-26-x-xxxx
Insurance
Valid upto Feb 2024
3rd Party
Registered in
Nov 2011"
65,"2017 Honda WR-V 1.2 i-VTEC VX MT MANUAL
27,040 kmPetrol2nd OwnerDL-10","27,040 kmPetrol2nd OwnerDL-10","₹7,34,000
₹6,90,000","₹7,34,000
₹6,90,000","₹13,490/month",Zero downpayment,"History
Non-Accidental
Owner
2nd Owner
Kilometers Driven
27,040 km
Fuel Type
Petrol
Last Service
27,040km (25 Nov 2022)
Transmission
MANUAL
Registration
DL-10-x-xxxx
Insurance
Valid upto Jul 2023
Zero Depreciation
Registered in
Apr 2017"
66,"2016 Honda Amaze 1.2 SX MT I VTEC MANUAL
29,080 kmPetrol1st OwnerDL-2C","29,080 kmPetrol1st OwnerDL-2C","₹5,79,000
₹5,42,000","₹5,79,000
₹5,42,000","₹10,596/month",Zero downpayment,"History
Non-Accidental
Owner
1st Owner
Kilometers Driven
29,080 km
Fuel Type
Petrol
Last Service
29,080km (17 Jan 2023)
Transmission
MANUAL
Registration
DL-2C-x-xxxx
Insurance
Valid upto Feb 2024
3rd Party
Registered in
Nov 2016"
67,"2021 Tata NEXON XZ+ 1.5 MANUAL
10,422 kmDiesel1st OwnerHR-26","10,422 kmDiesel1st OwnerHR-26","₹12,12,000
₹12,07,000","₹12,12,000
₹12,07,000","₹22,974/month",Zero downpayment,"History
Non-Accidental
Owner
1st Owner
Kilometers Driven
10,422 km
Fuel Type
Diesel
Last Service
10,422km (30 Sep 2022)
Transmission
MANUAL
Registration
HR-26-x-xxxx
Insurance
Valid upto Feb 2024
3rd Party
Registered in
Jan 2022"
68,"2015 Hyundai Grand i10 MAGNA 1.2 VTVT MANUAL
42,591 kmPetrol1st OwnerHR-26","42,591 kmPetrol1st OwnerHR-26","Fixed Price
₹4,08,000","Fixed Price
₹4,08,000","₹7,976/month",Zero downpayment,"History
Non-Accidental
Owner
1st Owner
Kilometers Driven
42,591 km
Fuel Type
Petrol
Last Service
42,591km (30 Jan 2023)
Transmission
MANUAL
Registration
HR-26-x-xxxx
Insurance
Valid upto May 2023
Comprehensive
Registered in
Jun 2015"
69,"2018 Hyundai Eon MAGNA PLUS OPTIONAL MANUAL
33,232 kmPetrol1st OwnerUP-21","33,232 kmPetrol1st OwnerUP-21","Fixed Price
₹3,83,000","Fixed Price
₹3,83,000","₹7,488/month",Zero downpayment,"History
Non-Accidental
Owner
1st Owner
Kilometers Driven
33,232 km
Fuel Type
Petrol
Last Service
33,232km (18 Jan 2023)
Transmission
MANUAL
Registration
UP-21-x-xxxx
Insurance
Valid upto Jul 2023
3rd Party
Registered in
Jul 2018"
70,"2016 Honda Jazz 1.2 SV MT MANUAL
71,798 kmPetrol1st OwnerDL-3C","71,798 kmPetrol1st OwnerDL-3C","Fixed Price
₹4,99,000","Fixed Price
₹4,99,000","₹9,756/month",Zero downpayment,"History
Non-Accidental
Owner
1st Owner
Kilometers Driven
71,798 km
Fuel Type
Petrol
Last Service
71,798km (17 Jan 2023)
Transmission
MANUAL
Registration
DL-3C-x-xxxx
Insurance
Valid upto Feb 2024
3rd Party
Registered in
Jan 2017"
71,"2016 Hyundai Grand i10 SPORTZ 1.2 VTVT SPECIAL EDITION MANUAL
52,513 kmPetrol1st OwnerDL-4C","52,513 kmPetrol1st OwnerDL-4C","Fixed Price
₹4,32,000","Fixed Price
₹4,32,000","₹8,446/month",Zero downpayment,"History
Non-Accidental
Owner
1st Owner
Kilometers Driven
52,513 km
Fuel Type
Petrol
Last Service
52,513km (27 Dec 2022)
Transmission
MANUAL
Registration
DL-4C-x-xxxx
Insurance
Valid upto Feb 2024
3rd Party
Registered in
Jan 2017"
72,"2018 Hyundai Creta 1.6 E + VTVT MANUAL
46,028 kmPetrol1st OwnerDL-8C","46,028 kmPetrol1st OwnerDL-8C","Fixed Price
₹9,26,000","Fixed Price
₹9,26,000","₹17,626/month",Zero downpayment,"History
Non-Accidental
Owner
1st Owner
Kilometers Driven
46,028 km
Fuel Type
Petrol
Last Service
46,028km (22 Dec 2022)
Transmission
MANUAL
Registration
DL-8C-x-xxxx
Insurance
Valid upto Feb 2024
3rd Party
Registered in
Feb 2018"
73,"2019 Maruti New Wagon-R 1.0 Lxi (o) cng MANUAL
54,324 kmCNG1st OwnerHR-26","54,324 kmCNG1st OwnerHR-26","Fixed Price
₹5,41,000","Fixed Price
₹5,41,000","₹10,577/month",Zero downpayment,"History
Non-Accidental
Owner
1st Owner
Kilometers Driven
54,324 km
Fuel Type
Petrol + CNG
Last Service
54,324km (24 Dec 2022)
Transmission
MANUAL
Registration
HR-26-x-xxxx
Insurance
Valid upto Oct 2023
Comprehensive
Registered in
Nov 2019"
74,"2019 Hyundai NEW SANTRO 1.1 SPORTZ MT CNG MANUAL
36,317 kmCNG1st OwnerDL-7C","36,317 kmCNG1st OwnerDL-7C","₹5,69,000
₹5,61,000","₹5,69,000
₹5,61,000","₹10,968/month",Zero downpayment,"History
Non-Accidental
Owner
1st Owner
Kilometers Driven
36,317 km
Fuel Type
CNG
Last Service
36,317km (05 Jan 2023)
Transmission
MANUAL
Registration
DL-7C-x-xxxx
Insurance
Valid upto Feb 2024
3rd Party
Registered in
Oct 2019"
75,"2021 Datsun Redi Go T (O) MANUAL
7,330 kmPetrol1st OwnerHR-72","7,330 kmPetrol1st OwnerHR-72","₹4,49,000
₹4,20,000","₹4,49,000
₹4,20,000","₹8,211/month",Zero downpayment,"History
Non-Accidental
Owner
1st Owner
Kilometers Driven
7,330 km
Fuel Type
Petrol
Last Service
7,330km (16 Sep 2022)
Transmission
MANUAL
Registration
HR-72-x-xxxx
Insurance
Valid upto Feb 2024
3rd Party
Registered in
Aug 2021"
76,"2018 Maruti Wagon R 1.0 LXI CNG MANUAL
59,080 kmCNG1st OwnerUP-14","59,080 kmCNG1st OwnerUP-14","Fixed Price
₹4,32,000","Fixed Price
₹4,32,000","₹8,446/month",Zero downpayment,"History
Non-Accidental
Owner
1st Owner
Kilometers Driven
59,080 km
Fuel Type
CNG
Last Service
59,080km (30 Jan 2023)
Transmission
MANUAL
Registration
UP-14-x-xxxx
Insurance
Valid upto May 2023
Zero Depreciation
Registered in
Mar 2018"
77,"2018 Maruti Celerio X Zxi MANUAL
56,209 kmPetrol1st OwnerDL-12","56,209 kmPetrol1st OwnerDL-12","₹4,44,000
₹4,37,000","₹4,44,000
₹4,37,000","₹8,543/month",Zero downpayment,"History
Non-Accidental
Owner
1st Owner
Kilometers Driven
56,209 km
Fuel Type
Petrol
Last Service
56,209km (06 Jan 2023)
Transmission
MANUAL
Registration
DL-12-x-xxxx
Insurance
Valid upto Feb 2024
3rd Party
Registered in
Apr 2018"
78,"2021 Renault Duster RXZ CVT 1.3 TURBO AUTOMATIC
10,831 kmPetrol1st OwnerDL-7C","10,831 kmPetrol1st OwnerDL-7C","₹14,67,000
₹14,23,000","₹14,67,000
₹14,23,000","₹27,085/month",Zero downpayment,"History
Non-Accidental
Owner
1st Owner
Kilometers Driven
10,831 km
Fuel Type
Petrol
Last Service
10,831km (17 Sep 2022)
Transmission
AUTOMATIC
Registration
DL-7C-x-xxxx
Insurance
Valid upto Feb 2024
3rd Party
Registered in
Oct 2021"
79,"2015 Honda Amaze 1.2 VXMT I VTEC MANUAL
39,467 kmPetrol1st OwnerHR-26","39,467 kmPetrol1st OwnerHR-26","Fixed Price
₹4,74,000","Fixed Price
₹4,74,000","₹9,267/month",Zero downpayment,"History
Non-Accidental
Owner
1st Owner
Kilometers Driven
39,467 km
Fuel Type
Petrol
Last Service
39,467km (23 Jan 2023)
Transmission
MANUAL
Registration
HR-26-x-xxxx
Insurance
Valid upto Dec 2023
Comprehensive
Registered in
Jan 2016"
80,"2017 Maruti Alto K10 VXI OPT MANUAL
48,454 kmPetrol1st OwnerDL-14","48,454 kmPetrol1st OwnerDL-14","₹3,73,000
₹3,43,000","₹3,73,000
₹3,43,000","₹6,706/month",Zero downpayment,"History
Non-Accidental
Owner
1st Owner
Kilometers Driven
48,454 km
Fuel Type
Petrol
Last Service
48,454km (11 Jan 2023)
Transmission
MANUAL
Registration
DL-14-x-xxxx
Insurance
Valid upto Feb 2024
3rd Party
Registered in
Apr 2017"
81,"2019 Maruti Baleno ZETA PETROL 1.2 MANUAL
18,415 kmPetrol1st OwnerHR-26","18,415 kmPetrol1st OwnerHR-26","Fixed Price
₹7,41,000","Fixed Price
₹7,41,000","₹14,487/month",Zero downpayment,"History
Non-Accidental
Owner
1st Owner
Kilometers Driven
18,415 km
Fuel Type
Petrol
Last Service
18,415km (09 Jan 2023)
Transmission
MANUAL
Registration
HR-26-x-xxxx
Insurance
Valid upto Dec 2023
Zero Depreciation
Registered in
Jan 2020"
82,"2014 Hyundai Grand i10 ASTA 1.2 (O) VTVT MANUAL
82,202 kmPetrol1st OwnerHR-26","82,202 kmPetrol1st OwnerHR-26","₹4,12,000
₹4,06,000","₹4,12,000
₹4,06,000","₹7,937/month",Zero downpayment,"History
Non-Accidental
Owner
1st Owner
Kilometers Driven
82,202 km
Fuel Type
Petrol
Last Service
82,202km (10 Jan 2023)
Transmission
MANUAL
Registration
HR-26-x-xxxx
Insurance
Valid upto May 2023
Comprehensive
Registered in
Jun 2014"
83,"2019 Maruti New Wagon-R LXI CNG 1.0 L MANUAL
33,262 kmCNG1st OwnerHR-26","33,262 kmCNG1st OwnerHR-26","Fixed Price
₹5,56,000","Fixed Price
₹5,56,000","₹10,870/month",Zero downpayment,"History
Non-Accidental
Owner
1st Owner
Kilometers Driven
33,262 km
Fuel Type
Petrol + CNG
Last Service
33,262km (30 Nov 2022)
Transmission
MANUAL
Registration
HR-26-x-xxxx
Insurance
Valid upto Feb 2024
3rd Party
Registered in
Nov 2019"
84,"2018 Maruti Alto K10 VXI MANUAL
38,983 kmPetrol1st OwnerDL-3C","38,983 kmPetrol1st OwnerDL-3C","₹3,50,000
₹3,34,000","₹3,50,000
₹3,34,000","₹6,530/month",Zero downpayment,"History
Non-Accidental
Owner
1st Owner
Kilometers Driven
38,983 km
Fuel Type
Petrol
Last Service
38,983km (09 Dec 2022)
Transmission
MANUAL
Registration
DL-3C-x-xxxx
Insurance
Valid upto Feb 2024
3rd Party
Registered in
Jul 2018"
85,"2019 Hyundai Verna 1.6 CRDI SX MANUAL
90,381 kmDiesel1st OwnerUP-16","90,381 kmDiesel1st OwnerUP-16","₹9,46,000
₹9,11,000","₹9,46,000
₹9,11,000","₹17,340/month",Zero downpayment,"History
Non-Accidental
Owner
1st Owner
Kilometers Driven
90,381 km
Fuel Type
Diesel
Last Service
90,381km (02 Dec 2022)
Transmission
MANUAL
Registration
UP-16-x-xxxx
Insurance
Valid upto Feb 2024
3rd Party
Registered in
May 2019"
86,"2019 Maruti Swift ZXI + AMT AUTOMATIC
8,867 kmPetrol1st OwnerDL-14","8,867 kmPetrol1st OwnerDL-14","Fixed Price
₹7,61,000","Fixed Price
₹7,61,000","₹14,878/month",Zero downpayment,"History
Non-Accidental
Owner
1st Owner
Kilometers Driven
8,867 km
Fuel Type
Petrol
Last Service
8,867km (27 Dec 2022)
Transmission
AUTOMATIC
Registration
DL-14-x-xxxx
Insurance
Valid upto Feb 2024
3rd Party
Registered in
Apr 2019"
87,"2019 Maruti New Wagon-R LXI CNG 1.0 L MANUAL
42,099 kmCNG1st OwnerDL-5C","42,099 kmCNG1st OwnerDL-5C","Fixed Price
₹5,49,000","Fixed Price
₹5,49,000","₹10,733/month",Zero downpayment,"History
Non-Accidental
Owner
1st Owner
Kilometers Driven
42,099 km
Fuel Type
Petrol + CNG
Last Service
42,099km (30 Nov 2022)
Transmission
MANUAL
Registration
DL-5C-x-xxxx
Insurance
Valid upto Feb 2024
3rd Party
Registered in
Jun 2019"
88,"2021 Maruti Baleno ZETA PETROL 1.2 MANUAL
10,333 kmPetrol1st OwnerHR-29","10,333 kmPetrol1st OwnerHR-29","Fixed Price
₹7,87,000","Fixed Price
₹7,87,000","₹15,386/month",Zero downpayment,"History
Non-Accidental
Owner
1st Owner
Kilometers Driven
10,333 km
Fuel Type
Petrol
Last Service
10,333km (24 Jan 2023)
Transmission
MANUAL
Registration
HR-29-x-xxxx
Insurance
Valid upto Feb 2024
3rd Party
Registered in
Mar 2022"
89,"2016 Honda Jazz 1.2 SV MT MANUAL
51,787 kmPetrol1st OwnerDL-14","51,787 kmPetrol1st OwnerDL-14","Fixed Price
₹5,13,000","Fixed Price
₹5,13,000","₹10,029/month",Zero downpayment,"History
Non-Accidental
Owner
1st Owner
Kilometers Driven
51,787 km
Fuel Type
Petrol
Last Service
51,787km (28 Dec 2022)
Transmission
MANUAL
Registration
DL-14-x-xxxx
Insurance
Valid upto Feb 2024
3rd Party
Registered in
Jan 2016"
90,"2016 Maruti Swift LXI OPT MANUAL
58,747 kmPetrol2nd OwnerDL-6C","58,747 kmPetrol2nd OwnerDL-6C","₹3,98,000
₹3,90,000","₹3,98,000
₹3,90,000","₹7,625/month",Zero downpayment,"History
Non-Accidental
Owner
2nd Owner
Kilometers Driven
58,747 km
Fuel Type
Petrol
Last Service
58,747km (19 Oct 2022)
Transmission
MANUAL
Registration
DL-6C-x-xxxx
Insurance
Valid upto Aug 2023
3rd Party
Registered in
May 2016"
91,"2018 Maruti Wagon R 1.0 VXI MANUAL
41,315 kmPetrol1st OwnerUP-44","41,315 kmPetrol1st OwnerUP-44","₹4,66,000
₹4,42,000","₹4,66,000
₹4,42,000","₹8,641/month",Zero downpayment,"History
Non-Accidental
Owner
1st Owner
Kilometers Driven
41,315 km
Fuel Type
Petrol
Last Service
41,315km (28 Jan 2023)
Transmission
MANUAL
Registration
UP-44-x-xxxx
Insurance
Valid upto Feb 2024
3rd Party
Registered in
Mar 2018"
92,"2017 Honda Jazz 1.2 SV MT MANUAL
52,820 kmPetrol1st OwnerDL-2C","52,820 kmPetrol1st OwnerDL-2C","₹5,34,000
₹5,05,000","₹5,34,000
₹5,05,000","₹9,873/month",Zero downpayment,"History
Non-Accidental
Owner
1st Owner
Kilometers Driven
52,820 km
Fuel Type
Petrol
Last Service
52,820km (09 Oct 2022)
Transmission
MANUAL
Registration
DL-2C-x-xxxx
Insurance
Valid upto Feb 2024
3rd Party
Registered in
Feb 2017"
93,"2020 Tata NEXON XZA+ (O) 1.5 RTQ AUTOMATIC
31,266 kmDiesel1st OwnerDL-11","31,266 kmDiesel1st OwnerDL-11","₹11,65,000
₹11,11,000","₹11,65,000
₹11,11,000","₹21,147/month",Zero downpayment,"History
Non-Accidental
Owner
1st Owner
Kilometers Driven
31,266 km
Fuel Type
Diesel
Last Service
31,266km (24 Dec 2022)
Transmission
AUTOMATIC
Registration
DL-11-x-xxxx
Insurance
Valid upto Feb 2024
3rd Party
Registered in
Oct 2020"
94,"2021 Hyundai NEW SANTRO SPORTZ EXECUTIVE CNG MANUAL
78,260 kmCNG1st OwnerHR-36","78,260 kmCNG1st OwnerHR-36","Fixed Price
₹5,98,000","Fixed Price
₹5,98,000","₹11,691/month",Zero downpayment,"History
Non-Accidental
Owner
1st Owner
Kilometers Driven
78,260 km
Fuel Type
Petrol + CNG
Last Service
78,260km (25 Jan 2023)
Transmission
MANUAL
Registration
HR-36-x-xxxx
Insurance
Valid upto Feb 2024
3rd Party
Registered in
Feb 2021"
95,"2013 Maruti Swift VXI MANUAL
80,044 kmPetrol2nd OwnerHR-10","80,044 kmPetrol2nd OwnerHR-10","Fixed Price
₹3,32,000","Fixed Price
₹3,32,000","₹6,491/month",Zero downpayment,"History
Non-Accidental
Owner
2nd Owner
Kilometers Driven
80,044 km
Fuel Type
Petrol
Last Service
80,044km (28 Jan 2023)
Transmission
MANUAL
Registration
HR-10-x-xxxx
Insurance
Valid upto Feb 2024
3rd Party
Registered in
Dec 2013"
96,"2017 Ford Ecosport 1.5 TITANIUM TI VCT AT AUTOMATIC
40,336 kmPetrol1st OwnerUP-16","40,336 kmPetrol1st OwnerUP-16","₹7,86,000
₹7,40,000","₹7,86,000
₹7,40,000","₹14,467/month",Zero downpayment,"History
Non-Accidental
Owner
1st Owner
Kilometers Driven
40,336 km
Fuel Type
Petrol
Last Service
40,336km (25 Nov 2022)
Transmission
AUTOMATIC
Registration
UP-16-x-xxxx
Insurance
Valid upto Feb 2024
3rd Party
Registered in
May 2017"
97,"2021 Maruti Alto LXI CNG MANUAL
9,922 kmCNG1st OwnerDL-3C","9,922 kmCNG1st OwnerDL-3C","Fixed Price
₹5,03,000","Fixed Price
₹5,03,000","₹9,834/month",Zero downpayment,"History
Non-Accidental
Owner
1st Owner
Kilometers Driven
9,922 km
Fuel Type
CNG
Last Service
9,922km (27 Jan 2023)
Transmission
MANUAL
Registration
DL-3C-x-xxxx
Insurance
Valid upto Mar 2024
3rd Party
Registered in
Mar 2021"
98,"2017 Hyundai Grand i10 Magna 1.2 AT VTVT AUTOMATIC
42,018 kmPetrol1st OwnerDL-4C","42,018 kmPetrol1st OwnerDL-4C","Fixed Price
₹5,52,000","Fixed Price
₹5,52,000","₹10,792/month",Zero downpayment,"History
Non-Accidental
Owner
1st Owner
Kilometers Driven
42,018 km
Fuel Type
Petrol
Last Service
42,018km (20 Jan 2023)
Transmission
AUTOMATIC
Registration
DL-4C-x-xxxx
Insurance
Valid upto Feb 2024
3rd Party
Registered in
May 2017"
99,"2016 Maruti Baleno DELTA 1.2 K12 MANUAL
48,702 kmPetrol1st OwnerDL-2C","48,702 kmPetrol1st OwnerDL-2C","Fixed Price
₹5,03,000","Fixed Price
₹5,03,000","₹9,834/month",Zero downpayment,"History
Non-Accidental
Owner
1st Owner
Kilometers Driven
48,702 km
Fuel Type
Petrol
Last Service
48,702km (26 Oct 2022)
Transmission
MANUAL
Registration
DL-2C-x-xxxx
Insurance
Valid upto Feb 2024
3rd Party
Registered in
Apr 2016"
100,"2020 Maruti Alto LXI MANUAL
4,709 kmPetrol1st OwnerDL-2C","4,709 kmPetrol1st OwnerDL-2C","₹3,86,000
₹3,71,000","₹3,86,000
₹3,71,000","₹7,253/month",Zero downpayment,"History
Non-Accidental
Owner
1st Owner
Kilometers Driven
4,709 km
Fuel Type
Petrol
Last Service
4,709km (29 Jan 2023)
Transmission
MANUAL
Registration
DL-2C-x-xxxx
Insurance
Valid upto Feb 2024
3rd Party
Registered in
Nov 2020"
101,"2013 Maruti Swift VXI MANUAL
56,608 kmPetrol1st OwnerHR-26","56,608 kmPetrol1st OwnerHR-26","₹3,70,000
₹3,59,000","₹3,70,000
₹3,59,000","₹7,019/month",Zero downpayment,"History
Non-Accidental
Owner
1st Owner
Kilometers Driven
56,608 km
Fuel Type
Petrol
Last Service
56,608km (28 Nov 2022)
Transmission
MANUAL
Registration
HR-26-x-xxxx
Insurance
Valid upto Feb 2024
3rd Party
Registered in
Dec 2013"
102,"2017 Honda Jazz 1.2 S MT MANUAL
31,474 kmPetrol1st OwnerHR-51","31,474 kmPetrol1st OwnerHR-51","Fixed Price
₹5,31,000","Fixed Price
₹5,31,000","₹10,381/month",Zero downpayment,"History
Non-Accidental
Owner
1st Owner
Kilometers Driven
31,474 km
Fuel Type
Petrol
Last Service
31,474km (04 Jan 2023)
Transmission
MANUAL
Registration
HR-51-x-xxxx
Insurance
Valid upto Feb 2024
3rd Party
Registered in
Nov 2017"
103,"2017 Maruti Dzire VXI MANUAL
21,698 kmPetrol1st OwnerHR-29","21,698 kmPetrol1st OwnerHR-29","₹6,35,000
₹5,71,000","₹6,35,000
₹5,71,000","₹11,163/month",Zero downpayment,"History
Non-Accidental
Owner
1st Owner
Kilometers Driven
21,698 km
Fuel Type
Petrol
Last Service
21,698km (10 Oct 2022)
Transmission
MANUAL
Registration
HR-29-x-xxxx
Insurance
Valid upto Feb 2024
3rd Party
Registered in
Nov 2017"
104,"2016 Hyundai Grand i10 1.2 ASTA (O) AT AUTOMATIC
43,266 kmPetrol2nd OwnerUP-16","43,266 kmPetrol2nd OwnerUP-16","Fixed Price
₹4,83,000","Fixed Price
₹4,83,000","₹9,443/month",Zero downpayment,"History
Non-Accidental
Owner
2nd Owner
Kilometers Driven
43,266 km
Fuel Type
Petrol
Last Service
43,266km (28 Nov 2022)
Transmission
AUTOMATIC
Registration
UP-16-x-xxxx
Insurance
Valid upto Jun 2023
Comprehensive
Registered in
Jun 2016"
105,"2015 Honda Jazz 1.2 V AT AUTOMATIC
65,092 kmPetrol1st OwnerDL-5C","65,092 kmPetrol1st OwnerDL-5C","₹5,78,000
₹5,55,000","₹5,78,000
₹5,55,000","₹10,850/month",Zero downpayment,"History
Non-Accidental
Owner
1st Owner
Kilometers Driven
65,092 km
Fuel Type
Petrol
Last Service
65,092km (23 Jan 2023)
Transmission
AUTOMATIC
Registration
DL-5C-x-xxxx
Insurance
Valid upto Nov 2023
3rd Party
Registered in
Nov 2015"
106,"2020 Maruti New Wagon-R LXI CNG 1.0 L MANUAL
57,715 kmCNG1st OwnerHR-13","57,715 kmCNG1st OwnerHR-13","Fixed Price
₹5,67,000","Fixed Price
₹5,67,000","₹11,085/month",Zero downpayment,"History
Non-Accidental
Owner
1st Owner
Kilometers Driven
57,715 km
Fuel Type
Petrol + CNG
Last Service
57,715km (28 Nov 2022)
Transmission
MANUAL
Registration
HR-13-x-xxxx
Insurance
Valid upto Sept 2023
Zero Depreciation
Registered in
Sep 2020"
107,"2015 Maruti Swift LXI MANUAL
41,636 kmPetrol2nd OwnerHR-51","41,636 kmPetrol2nd OwnerHR-51","₹4,34,000
₹4,07,000","₹4,34,000
₹4,07,000","₹7,957/month",Zero downpayment,"History
Non-Accidental
Owner
2nd Owner
Kilometers Driven
41,636 km
Fuel Type
Petrol
Last Service
41,636km (18 Jan 2023)
Transmission
MANUAL
Registration
HR-51-x-xxxx
Insurance
Valid upto Feb 2024
3rd Party
Registered in
Feb 2015"
108,"2021 Mahindra Thar LX HT PETROL 4WD MT
4,870 kmPetrol1st OwnerHR-26","4,870 kmPetrol1st OwnerHR-26","Fixed Price
₹15,08,000","Fixed Price
₹15,08,000","₹28,703/month",Zero downpayment,"History
Non-Accidental
Owner
1st Owner
Kilometers Driven
4,870 km
Fuel Type
Petrol
Last Service
4,870km (11 Jan 2023)
Transmission
NA
Registration
HR-26-x-xxxx
Insurance
Valid upto Feb 2024
3rd Party
Registered in
Jan 2022"
109,"2020 Maruti Baleno ALPHA PETROL 1.2 MANUAL
10,857 kmPetrol1st OwnerHR-26","10,857 kmPetrol1st OwnerHR-26","Fixed Price
₹7,73,000","Fixed Price
₹7,73,000","₹15,112/month",Zero downpayment,"History
Non-Accidental
Owner
1st Owner
Kilometers Driven
10,857 km
Fuel Type
Petrol
Last Service
10,857km (09 Jan 2023)
Transmission
MANUAL
Registration
HR-26-x-xxxx
Insurance
Valid upto Feb 2024
3rd Party
Registered in
Feb 2020"
110,"2020 Renault TRIBER 1.0 RXL PETROL MANUAL
22,124 kmPetrol1st OwnerHR-51","22,124 kmPetrol1st OwnerHR-51","₹5,87,000
₹5,73,000","₹5,87,000
₹5,73,000","₹11,202/month",Zero downpayment,"History
Non-Accidental
Owner
1st Owner
Kilometers Driven
22,124 km
Fuel Type
Petrol
Last Service
22,124km (24 Jan 2023)
Transmission
MANUAL
Registration
HR-51-x-xxxx
Insurance
Valid upto Aug 2023
Zero Depreciation
Registered in
Sep 2020"
111,"2019 Hyundai NEW SANTRO SPORTZ 1.1 MANUAL
29,764 kmPetrol2nd OwnerHR-26","29,764 kmPetrol2nd OwnerHR-26","₹4,97,000
₹4,84,000","₹4,97,000
₹4,84,000","₹9,462/month",Zero downpayment,"History
Non-Accidental
Owner
2nd Owner
Kilometers Driven
29,764 km
Fuel Type
Petrol
Last Service
29,764km (23 Dec 2022)
Transmission
MANUAL
Registration
HR-26-x-xxxx
Insurance
Valid upto Jul 2023
3rd Party
Registered in
Jul 2019"
112,"2022 Maruti Baleno ALPHA PETROL 1.2
8,424 kmPetrol1st OwnerDL-12","8,424 kmPetrol1st OwnerDL-12","₹9,79,000
₹9,04,000","₹9,79,000
₹9,04,000","₹17,207/month",Zero downpayment,"History
Non-Accidental
Owner
1st Owner
Kilometers Driven
8,424 km
Fuel Type
Petrol
Last Service
8,424km (24 Nov 2022)
Transmission
NA
Registration
DL-12-x-xxxx
Insurance
Valid upto Feb 2024
3rd Party
Registered in
Mar 2022"
113,"2017 Maruti Dzire VXI MANUAL
35,229 kmPetrol1st OwnerDL-5C","35,229 kmPetrol1st OwnerDL-5C","₹6,11,000
₹5,98,000","₹6,11,000
₹5,98,000","₹11,691/month",Zero downpayment,"History
Non-Accidental
Owner
1st Owner
Kilometers Driven
35,229 km
Fuel Type
Petrol
Last Service
35,229km (25 Jan 2023)
Transmission
MANUAL
Registration
DL-5C-x-xxxx
Insurance
Valid upto Feb 2024
3rd Party
Registered in
Nov 2017"
114,"2011 Hyundai i10 MAGNA 1.2 KAPPA2 MANUAL
72,404 kmPetrol1st OwnerHR-26","72,404 kmPetrol1st OwnerHR-26","₹2,76,000
₹2,54,000","₹2,76,000
₹2,54,000","₹4,966/month",Zero downpayment,"History
Non-Accidental
Owner
1st Owner
Kilometers Driven
72,404 km
Fuel Type
Petrol
Last Service
72,404km (23 Dec 2022)
Transmission
MANUAL
Registration
HR-26-x-xxxx
Insurance
Valid upto Feb 2024
3rd Party
Registered in
Sep 2011"
115,"2016 Maruti Baleno DELTA PETROL 1.2 MANUAL
36,990 kmPetrol1st OwnerDL-12","36,990 kmPetrol1st OwnerDL-12","Fixed Price
₹5,60,000","Fixed Price
₹5,60,000","₹10,948/month",Zero downpayment,"History
Non-Accidental
Owner
1st Owner
Kilometers Driven
36,990 km
Fuel Type
Petrol
Last Service
36,990km (19 Jan 2023)
Transmission
MANUAL
Registration
DL-12-x-xxxx
Insurance
Valid upto Oct 2023
Zero Depreciation
Registered in
Oct 2016"
116,"2017 Ford Ecosport 1.5 TITANIUM TI VCT MANUAL
26,748 kmPetrol2nd OwnerHR-26","26,748 kmPetrol2nd OwnerHR-26","₹7,26,000
₹6,92,000","₹7,26,000
₹6,92,000","₹13,529/month",Zero downpayment,"History
Non-Accidental
Owner
2nd Owner
Kilometers Driven
26,748 km
Fuel Type
Petrol
Last Service
26,748km (18 Dec 2022)
Transmission
MANUAL
Registration
HR-26-x-xxxx
Insurance
Valid upto May 2023
Comprehensive
Registered in
Jun 2017"
117,"2019 Hyundai Creta 1.6 SX VTVT MANUAL
12,462 kmPetrol1st OwnerDL-12","12,462 kmPetrol1st OwnerDL-12","₹12,35,000
₹12,02,000","₹12,35,000
₹12,02,000","₹22,879/month",Zero downpayment,"History
Non-Accidental
Owner
1st Owner
Kilometers Driven
12,462 km
Fuel Type
Petrol
Last Service
12,462km (17 Jan 2023)
Transmission
MANUAL
Registration
DL-12-x-xxxx
Insurance
Valid upto Feb 2024
3rd Party
Registered in
Dec 2019"
118,"2020 Maruti New Wagon-R LXI CNG 1.0 L MANUAL
55,355 kmCNG1st OwnerDL-2C","55,355 kmCNG1st OwnerDL-2C","Fixed Price
₹5,60,000","Fixed Price
₹5,60,000","₹10,948/month",Zero downpayment,"History
Non-Accidental
Owner
1st Owner
Kilometers Driven
55,355 km
Fuel Type
Petrol + CNG
Last Service
55,355km (18 Dec 2022)
Transmission
MANUAL
Registration
DL-2C-x-xxxx
Insurance
Valid upto Feb 2024
3rd Party
Registered in
Feb 2020"
119,"2016 Maruti Baleno DELTA PETROL 1.2 MANUAL
41,744 kmPetrol1st OwnerDL-12","41,744 kmPetrol1st OwnerDL-12","₹5,69,000
₹5,63,000","₹5,69,000
₹5,63,000","₹11,007/month",Zero downpayment,"History
Non-Accidental
Owner
1st Owner
Kilometers Driven
41,744 km
Fuel Type
Petrol
Last Service
41,744km (19 Jan 2023)
Transmission
MANUAL
Registration
DL-12-x-xxxx
Insurance
Valid upto Feb 2024
3rd Party
Registered in
Oct 2016"
120,"2018 Hyundai Creta 1.6 SX (O) CRDI MANUAL
60,805 kmDiesel2nd OwnerUP-16","60,805 kmDiesel2nd OwnerUP-16","₹10,95,000
₹9,50,000","₹10,95,000
₹9,50,000","₹18,082/month",Zero downpayment,"History
Non-Accidental
Owner
2nd Owner
Kilometers Driven
60,805 km
Fuel Type
Diesel
Last Service
60,805km (02 Feb 2023)
Transmission
MANUAL
Registration
UP-16-x-xxxx
Insurance
Valid upto Feb 2024
3rd Party
Registered in
N/A"
121,"2018 Hyundai Verna 1.6 SX VTVT MANUAL
25,995 kmPetrol2nd OwnerDL-8C","25,995 kmPetrol2nd OwnerDL-8C","Fixed Price
₹9,15,000","Fixed Price
₹9,15,000","₹17,416/month",Zero downpayment,"History
Non-Accidental
Owner
2nd Owner
Kilometers Driven
25,995 km
Fuel Type
Petrol
Last Service
25,995km (09 Dec 2022)
Transmission
MANUAL
Registration
DL-8C-x-xxxx
Insurance
Valid upto May 2023
Zero Depreciation
Registered in
May 2018"
122,"2019 Maruti Alto K10 VXI MANUAL
44,288 kmPetrol1st OwnerDL-2C","44,288 kmPetrol1st OwnerDL-2C","₹3,75,000
₹3,50,000","₹3,75,000
₹3,50,000","₹6,843/month",Zero downpayment,"History
Non-Accidental
Owner
1st Owner
Kilometers Driven
44,288 km
Fuel Type
Petrol
Last Service
44,288km (07 Dec 2022)
Transmission
MANUAL
Registration
DL-2C-x-xxxx
Insurance
Valid upto Jun 2023
Zero Depreciation
Registered in
Jun 2019"
123,"2019 Maruti Alto K10 VXI MANUAL
38,933 kmPetrol1st OwnerDL-6C","38,933 kmPetrol1st OwnerDL-6C","₹4,08,000
₹3,61,000","₹4,08,000
₹3,61,000","₹7,058/month",Zero downpayment,"History
Non-Accidental
Owner
1st Owner
Kilometers Driven
38,933 km
Fuel Type
Petrol
Last Service
38,933km (11 Jan 2023)
Transmission
MANUAL
Registration
DL-6C-x-xxxx
Insurance
Valid upto Feb 2024
3rd Party
Registered in
May 2019"
124,"2021 Mahindra XUV 3OO 1.2 W6 MT MANUAL
31,273 kmPetrol1st OwnerDL-3C","31,273 kmPetrol1st OwnerDL-3C","₹10,65,000
₹10,43,000","₹10,65,000
₹10,43,000","₹19,853/month",Zero downpayment,"History
Non-Accidental
Owner
1st Owner
Kilometers Driven
31,273 km
Fuel Type
Petrol
Last Service
31,273km (24 Nov 2022)
Transmission
MANUAL
Registration
DL-3C-x-xxxx
Insurance
Valid upto Feb 2024
3rd Party
Registered in
Jan 2021"
125,"2015 Hyundai Xcent BASE 1.2 MANUAL
88,415 kmPetrol1st OwnerDL-8C","88,415 kmPetrol1st OwnerDL-8C","Fixed Price
₹3,48,000","Fixed Price
₹3,48,000","₹6,803/month",Zero downpayment,"History
Non-Accidental
Owner
1st Owner
Kilometers Driven
88,415 km
Fuel Type
Petrol
Last Service
88,415km (18 Jan 2023)
Transmission
MANUAL
Registration
DL-8C-x-xxxx
Insurance
Valid upto Feb 2024
3rd Party
Registered in
Dec 2015"
126,"2018 Hyundai Creta 1.4 E PLUS CRDI MANUAL
51,184 kmDiesel2nd OwnerDL-5C","51,184 kmDiesel2nd OwnerDL-5C","Fixed Price
₹9,17,000","Fixed Price
₹9,17,000","₹17,454/month",Zero downpayment,"History
Non-Accidental
Owner
2nd Owner
Kilometers Driven
51,184 km
Fuel Type
Diesel
Last Service
51,184km (06 Dec 2022)
Transmission
MANUAL
Registration
DL-5C-x-xxxx
Insurance
Valid upto Feb 2024
3rd Party
Registered in
Jun 2018"
127,"2018 Maruti Baleno ALPHA PETROL 1.2 MANUAL
12,905 kmPetrol1st OwnerDL-12","12,905 kmPetrol1st OwnerDL-12","₹7,23,000
₹6,89,000","₹7,23,000
₹6,89,000","₹13,470/month",Zero downpayment,-
128,"2017 Maruti Wagon R 1.0 LXI MANUAL
18,705 kmPetrol1st OwnerDL-9C","18,705 kmPetrol1st OwnerDL-9C","Fixed Price
₹3,96,000","Fixed Price
₹3,96,000","₹7,742/month",Zero downpayment,"History
Non-Accidental
Owner
1st Owner
Kilometers Driven
18,705 km
Fuel Type
Petrol
Last Service
18,705km (16 Nov 2022)
Transmission
MANUAL
Registration
DL-9C-x-xxxx
Insurance
Valid upto Feb 2024
3rd Party
Registered in
Jan 2017"
129,"2020 Mahindra Thar LX HARD TOP 4WD MT MANUAL
36,148 kmDiesel2nd OwnerHR-44","36,148 kmDiesel2nd OwnerHR-44","Fixed Price
₹13,39,000","Fixed Price
₹13,39,000","₹25,487/month",Zero downpayment,"History
Non-Accidental
Owner
2nd Owner
Kilometers Driven
36,148 km
Fuel Type
Diesel
Last Service
36,148km (17 Jan 2023)
Transmission
MANUAL
Registration
HR-44-x-xxxx
Insurance
Valid upto Feb 2024
3rd Party
Registered in
Feb 2021"
130,"2016 Maruti Baleno ALPHA 1.2 K12 MANUAL
56,800 kmPetrol2nd OwnerDL-1C","56,800 kmPetrol2nd OwnerDL-1C","₹5,53,000
₹5,29,000","₹5,53,000
₹5,29,000","₹10,342/month",Zero downpayment,"History
Non-Accidental
Owner
2nd Owner
Kilometers Driven
56,800 km
Fuel Type
Petrol
Last Service
56,800km (15 Oct 2022)
Transmission
MANUAL
Registration
DL-1C-x-xxxx
Insurance
Valid upto Feb 2024
3rd Party
Registered in
Aug 2016"
131,"2018 Maruti Wagon R 1.0 LXI CNG MANUAL
58,543 kmCNG1st OwnerHR-26","58,543 kmCNG1st OwnerHR-26","₹4,70,000
₹4,49,000","₹4,70,000
₹4,49,000","₹8,778/month",Zero downpayment,"History
Non-Accidental
Owner
1st Owner
Kilometers Driven
58,543 km
Fuel Type
CNG
Last Service
58,543km (27 Dec 2022)
Transmission
MANUAL
Registration
HR-26-x-xxxx
Insurance
Valid upto Feb 2024
3rd Party
Registered in
Jun 2018"
132,"2019 Maruti New Wagon-R LXI CNG 1.0 L MANUAL
58,635 kmCNG1st OwnerDL-2C","58,635 kmCNG1st OwnerDL-2C","Fixed Price
₹5,55,000","Fixed Price
₹5,55,000","₹10,850/month",Zero downpayment,"History
Non-Accidental
Owner
1st Owner
Kilometers Driven
58,635 km
Fuel Type
Petrol + CNG
Last Service
58,635km (02 Jan 2023)
Transmission
MANUAL
Registration
DL-2C-x-xxxx
Insurance
Valid upto Oct 2023
Zero Depreciation
Registered in
Oct 2019"
133,"2020 Maruti Vitara Brezza ZXI PLUS
10,640 kmPetrol1st OwnerHR-29","10,640 kmPetrol1st OwnerHR-29","Fixed Price
₹9,89,000","Fixed Price
₹9,89,000","₹18,825/month",Zero downpayment,"History
Non-Accidental
Owner
1st Owner
Kilometers Driven
10,640 km
Fuel Type
Petrol
Last Service
10,640km (06 Jan 2023)
Transmission
NA
Registration
HR-29-x-xxxx
Insurance
Valid upto Feb 2024
3rd Party
Registered in
Mar 2020"
134,"2018 Hyundai Tucson New 2WD MT PETROL MANUAL
86,848 kmPetrol2nd OwnerUP-14","86,848 kmPetrol2nd OwnerUP-14","₹15,83,000
₹14,86,000","₹15,83,000
₹14,86,000","₹28,285/month",Zero downpayment,"History
Non-Accidental
Owner
2nd Owner
Kilometers Driven
86,848 km
Fuel Type
Petrol
Last Service
86,848km (18 Jan 2023)
Transmission
MANUAL
Registration
UP-14-x-xxxx
Insurance
Valid upto Feb 2024
3rd Party
Registered in
Mar 2018"
135,"2016 Maruti Ciaz ZXI AMT AUTOMATIC
96,101 kmPetrol1st OwnerUP-16","96,101 kmPetrol1st OwnerUP-16","₹6,07,000
₹5,96,000","₹6,07,000
₹5,96,000","₹11,652/month",Zero downpayment,"History
Non-Accidental
Owner
1st Owner
Kilometers Driven
96,101 km
Fuel Type
Petrol
Last Service
96,101km (11 Jan 2023)
Transmission
AUTOMATIC
Registration
UP-16-x-xxxx
Insurance
Valid upto Jun 2023
Zero Depreciation
Registered in
Jul 2016"
136,"2016 Honda Jazz 1.2 SV MT MANUAL
53,008 kmPetrol1st OwnerHR-51","53,008 kmPetrol1st OwnerHR-51","₹4,85,000
₹4,80,000","₹4,85,000
₹4,80,000","₹9,384/month",Zero downpayment,"History
Non-Accidental
Owner
1st Owner
Kilometers Driven
53,008 km
Fuel Type
Petrol
Last Service
53,008km (16 Jan 2023)
Transmission
MANUAL
Registration
HR-51-x-xxxx
Insurance
Valid upto Jun 2023
Zero Depreciation
Registered in
Jun 2016"
137,"2018 Maruti Ciaz ALPHA 1.5 SHVS PETROL
20,802 kmPetrol1st OwnerUP-16","20,802 kmPetrol1st OwnerUP-16","₹9,06,000
₹8,97,000","₹9,06,000
₹8,97,000","₹17,074/month",Zero downpayment,"History
Non-Accidental
Owner
1st Owner
Kilometers Driven
20,802 km
Fuel Type
Petrol
Last Service
20,802km (03 Jan 2023)
Transmission
NA
Registration
UP-16-x-xxxx
Insurance
Valid upto Sept 2023
Comprehensive
Registered in
Sep 2018"
138,"2016 Maruti Baleno DELTA PETROL 1.2 MANUAL
80,834 kmPetrol1st OwnerDL-2C","80,834 kmPetrol1st OwnerDL-2C","₹4,91,000
₹4,82,000","₹4,91,000
₹4,82,000","₹9,423/month",Zero downpayment,"History
Non-Accidental
Owner
1st Owner
Kilometers Driven
80,834 km
Fuel Type
Petrol
Last Service
80,834km (01 Dec 2022)
Transmission
MANUAL
Registration
DL-2C-x-xxxx
Insurance
Valid upto Feb 2024
3rd Party
Registered in
May 2016"
139,"2016 Hyundai Creta 1.6 S MANUAL
70,612 kmPetrol1st OwnerUP-14","70,612 kmPetrol1st OwnerUP-14","₹8,80,000
₹8,51,000","₹8,80,000
₹8,51,000","₹16,198/month",Zero downpayment,"History
Non-Accidental
Owner
1st Owner
Kilometers Driven
70,612 km
Fuel Type
Petrol
Last Service
70,612km (23 Dec 2022)
Transmission
MANUAL
Registration
UP-14-x-xxxx
Insurance
Valid upto Jul 2023
Comprehensive
Registered in
Aug 2016"
140,"2019 Maruti New Wagon-R LXI CNG 1.0 L MANUAL
48,056 kmCNG1st OwnerDL-8C","48,056 kmCNG1st OwnerDL-8C","Fixed Price
₹5,52,000","Fixed Price
₹5,52,000","₹10,792/month",Zero downpayment,"History
Non-Accidental
Owner
1st Owner
Kilometers Driven
48,056 km
Fuel Type
Petrol + CNG
Last Service
48,056km (09 Dec 2022)
Transmission
MANUAL
Registration
DL-8C-x-xxxx
Insurance
Valid upto Jul 2023
Zero Depreciation
Registered in
Jul 2019"
141,"2019 Maruti New Wagon-R LXI CNG (O) 1.0
85,311 kmCNG1st OwnerHR-51","85,311 kmCNG1st OwnerHR-51","Fixed Price
₹5,09,000","Fixed Price
₹5,09,000","₹9,951/month",Zero downpayment,"History
Non-Accidental
Owner
1st Owner
Kilometers Driven
85,311 km
Fuel Type
Petrol + CNG
Last Service
85,311km (23 Jan 2023)
Transmission
NA
Registration
HR-51-x-xxxx
Insurance
Valid upto Feb 2024
3rd Party
Registered in
Dec 2019"
142,"2017 Maruti Baleno ZETA PETROL 1.2 MANUAL
67,158 kmPetrol1st OwnerHR-26","67,158 kmPetrol1st OwnerHR-26","Fixed Price
₹5,69,000","Fixed Price
₹5,69,000","₹11,124/month",Zero downpayment,"History
Non-Accidental
Owner
1st Owner
Kilometers Driven
67,158 km
Fuel Type
Petrol
Last Service
67,158km (11 Jan 2023)
Transmission
MANUAL
Registration
HR-26-x-xxxx
Insurance
Valid upto Feb 2024
3rd Party
Registered in
Apr 2017"
143,"2017 Hyundai Elite i20 ASTA 1.2 (O) MANUAL
89,784 kmPetrol1st OwnerHR-26","89,784 kmPetrol1st OwnerHR-26","Fixed Price
₹6,19,000","Fixed Price
₹6,19,000","₹12,102/month",Zero downpayment,"History
Non-Accidental
Owner
1st Owner
Kilometers Driven
89,784 km
Fuel Type
Petrol
Last Service
89,784km (20 Jan 2023)
Transmission
MANUAL
Registration
HR-26-x-xxxx
Insurance
Valid upto Feb 2024
3rd Party
Registered in
Feb 2017"
144,"2019 Mahindra XUV 3OO 1.5 W6 MT MANUAL
47,047 kmDiesel1st OwnerDL-8C","47,047 kmDiesel1st OwnerDL-8C","₹8,63,000
₹8,16,000","₹8,63,000
₹8,16,000","₹15,532/month",Zero downpayment,"History
Non-Accidental
Owner
1st Owner
Kilometers Driven
47,047 km
Fuel Type
Diesel
Last Service
47,047km (19 Jan 2023)
Transmission
MANUAL
Registration
DL-8C-x-xxxx
Insurance
Valid upto Aug 2023
Comprehensive
Registered in
Aug 2019"
145,"2017 Hyundai Elite i20 SPORTZ 1.2 MANUAL
37,433 kmPetrol1st OwnerDL-8C","37,433 kmPetrol1st OwnerDL-8C","₹5,88,000
₹5,71,000","₹5,88,000
₹5,71,000","₹11,163/month",Zero downpayment,"History
Non-Accidental
Owner
1st Owner
Kilometers Driven
37,433 km
Fuel Type
Petrol
Last Service
37,433km (11 Jan 2023)
Transmission
MANUAL
Registration
DL-8C-x-xxxx
Insurance
Valid upto Feb 2024
3rd Party
Registered in
Aug 2017"
146,"2018 Maruti Alto K10 VXI MANUAL
37,134 kmPetrol1st OwnerHR-26","37,134 kmPetrol1st OwnerHR-26","Fixed Price
₹3,50,000","Fixed Price
₹3,50,000","₹6,843/month",Zero downpayment,"History
Non-Accidental
Owner
1st Owner
Kilometers Driven
37,134 km
Fuel Type
Petrol
Last Service
37,134km (22 Oct 2022)
Transmission
MANUAL
Registration
HR-26-x-xxxx
Insurance
Valid upto Feb 2024
3rd Party
Registered in
Jun 2018"
147,"2017 Hyundai Grand i10 MAGNA 1.2 VTVT MANUAL
89,749 kmPetrol1st OwnerDL-7C","89,749 kmPetrol1st OwnerDL-7C","₹4,38,000
₹4,31,000","₹4,38,000
₹4,31,000","₹8,426/month",Zero downpayment,"History
Non-Accidental
Owner
1st Owner
Kilometers Driven
89,749 km
Fuel Type
Petrol
Last Service
89,749km (13 Jan 2023)
Transmission
MANUAL
Registration
DL-7C-x-xxxx
Insurance
Valid upto Feb 2024
3rd Party
Registered in
Jan 2018"
148,"2018 Maruti Wagon R 1.0 VXI MANUAL
48,765 kmPetrol1st OwnerHR-26","48,765 kmPetrol1st OwnerHR-26","₹4,50,000
₹4,29,000","₹4,50,000
₹4,29,000","₹8,387/month",Zero downpayment,"History
Non-Accidental
Owner
1st Owner
Kilometers Driven
48,765 km
Fuel Type
Petrol
Last Service
48,765km (26 Dec 2022)
Transmission
MANUAL
Registration
HR-26-x-xxxx
Insurance
Valid upto Feb 2024
3rd Party
Registered in
May 2018"
149,"2015 Hyundai New Elantra SX 1.8 MT MANUAL
96,832 kmPetrol1st OwnerUP-16","96,832 kmPetrol1st OwnerUP-16","Fixed Price
₹6,31,000","Fixed Price
₹6,31,000","₹12,336/month",Zero downpayment,"History
Non-Accidental
Owner
1st Owner
Kilometers Driven
96,832 km
Fuel Type
Petrol
Last Service
96,832km (30 Jan 2023)
Transmission
MANUAL
Registration
UP-16-x-xxxx
Insurance
Valid upto Feb 2024
3rd Party
Registered in
Apr 2016"
150,"2013 Hyundai Verna FLUIDIC 1.6 EX VTVT AT AUTOMATIC
91,994 kmPetrol1st OwnerDL-12","91,994 kmPetrol1st OwnerDL-12","₹4,93,000
₹4,92,700","₹4,93,000
₹4,92,700","₹9,632/month",Zero downpayment,"History
Non-Accidental
Owner
1st Owner
Kilometers Driven
91,994 km
Fuel Type
Petrol
Last Service
91,994km (14 Jan 2023)
Transmission
AUTOMATIC
Registration
DL-12-x-xxxx
Insurance
Valid upto Feb 2024
3rd Party
Registered in
Dec 2013"
151,"2016 Hyundai Elite i20 ASTA 1.2 (O) MANUAL
76,810 kmPetrol2nd OwnerUP-16","76,810 kmPetrol2nd OwnerUP-16","Fixed Price
₹6,01,000","Fixed Price
₹6,01,000","₹11,750/month",Zero downpayment,"History
Non-Accidental
Owner
2nd Owner
Kilometers Driven
76,810 km
Fuel Type
Petrol
Last Service
76,810km (29 Jan 2023)
Transmission
MANUAL
Registration
UP-16-x-xxxx
Insurance
Valid upto Dec 2023
Zero Depreciation
Registered in
Oct 2016"
152,"2019 Hyundai NEW SANTRO 1.1 SPORTZ MT CNG MANUAL
58,671 kmCNG1st OwnerDL-8C","58,671 kmCNG1st OwnerDL-8C","₹5,65,000
₹5,38,000","₹5,65,000
₹5,38,000","₹10,518/month",Zero downpayment,"History
Non-Accidental
Owner
1st Owner
Kilometers Driven
58,671 km
Fuel Type
CNG
Last Service
58,671km (24 Dec 2022)
Transmission
MANUAL
Registration
DL-8C-x-xxxx
Insurance
Valid upto Feb 2024
3rd Party
Registered in
Apr 2019"
153,"2016 Hyundai Creta 1.6 S MANUAL
78,623 kmPetrol1st OwnerDL-8C","78,623 kmPetrol1st OwnerDL-8C","₹8,92,000
₹8,25,000","₹8,92,000
₹8,25,000","₹15,703/month",Zero downpayment,"History
Non-Accidental
Owner
1st Owner
Kilometers Driven
78,623 km
Fuel Type
Petrol
Last Service
78,623km (15 Dec 2022)
Transmission
MANUAL
Registration
DL-8C-x-xxxx
Insurance
Valid upto May 2023
Comprehensive
Registered in
May 2016"
154,"2015 Honda Brio 1.2 S MT I VTEC MANUAL
62,577 kmPetrol1st OwnerHR-26","62,577 kmPetrol1st OwnerHR-26","Fixed Price
₹3,35,000","Fixed Price
₹3,35,000","₹6,549/month",Zero downpayment,"History
Non-Accidental
Owner
1st Owner
Kilometers Driven
62,577 km
Fuel Type
Petrol
Last Service
62,577km (02 Jan 2023)
Transmission
MANUAL
Registration
HR-26-x-xxxx
Insurance
Valid upto Feb 2024
3rd Party
Registered in
Sep 2015"
155,"2019 Hyundai NEW SANTRO 1.1 MAGNA CNG MT MANUAL
40,053 kmCNG1st OwnerDL-12","40,053 kmCNG1st OwnerDL-12","₹5,39,000
₹5,18,000","₹5,39,000
₹5,18,000","₹10,127/month",Zero downpayment,"History
Non-Accidental
Owner
1st Owner
Kilometers Driven
40,053 km
Fuel Type
Petrol + CNG
Last Service
40,053km (11 Nov 2022)
Transmission
MANUAL
Registration
DL-12-x-xxxx
Insurance
Valid upto Feb 2024
3rd Party
Registered in
Apr 2019"
156,"2020 Hyundai GRAND I10 NIOS SPORTZ CNG MT MANUAL
51,839 kmCNG1st OwnerUP-14","51,839 kmCNG1st OwnerUP-14","Fixed Price
₹6,74,000","Fixed Price
₹6,74,000","₹13,177/month",Zero downpayment,"History
Non-Accidental
Owner
1st Owner
Kilometers Driven
51,839 km
Fuel Type
Petrol + CNG
Last Service
51,839km (19 Dec 2022)
Transmission
MANUAL
Registration
UP-14-x-xxxx
Insurance
Valid upto Aug 2023
3rd Party
Registered in
Oct 2020"
157,"2015 Hyundai Creta 1.6 S MANUAL
71,814 kmPetrol1st OwnerDL-10","71,814 kmPetrol1st OwnerDL-10","₹8,12,000
₹7,42,000","₹8,12,000
₹7,42,000","₹14,506/month",Zero downpayment,"History
Non-Accidental
Owner
1st Owner
Kilometers Driven
71,814 km
Fuel Type
Petrol
Last Service
71,814km (18 Jan 2023)
Transmission
MANUAL
Registration
DL-10-x-xxxx
Insurance
Valid upto Feb 2024
3rd Party
Registered in
Aug 2015"
